height,temperature
0.0,12.834044009405147
500.0,10.190648986884316
1000.0,5.50022874963469
1500.0,2.8546651452636795
2000.0,-0.7064882183657739
2500.0,-4.065322810462405
3000.0,-7.127479577244658
3500.0,-10.058878545913904
4000.0,-13.206465051538661
